Avengers:Endgame(2019),Avengers:Infinity War(2018),Marvel's The Avengers(2012),Black Panther(2018),Spider-Man:Into the Spider-Verse(2018),Dunkirk(2017),Star Wars:The Last Jedi(2017)
Avengers:Endgame(2019),Avengers:Infinity War(2018),Marvel's The Avengers(2012),Spider-Man:Into the Spider-Verse(2018),Dunkirk(2017)
Mission:Impossible-Fallout(2018),Mad Max : Fury Road(2015),Star Wars:The Last Jedi(2017)
Mission:Impossible-Fallout(2018),Dunkirk(2017),Star Wars:The Last Jedi(2017),Star Wars:The Last Jedi(2017)
Avengers:Endgame(2019),Avengers:Infinity War(2018),Marvel's The Avengers(2012),Black Panther(2018),Star Wars:The Last Jedi(2017)
Avengers:Endgame(2019),Avengers:Infinity War(2018),Marvel's The Avengers(2012),Spider-Man:Into the Spider-Verse(2018),Mission:Impossible-Fallout(2018)
Avengers:Endgame(2019),Avengers:Infinity War(2018),Marvel's The Avengers(2012),Spider-Man:Into the Spider-Verse(2018),Dunkirk(2017),Star Wars:The Last Jedi(2017)
Mission:Impossible-Fallout(2018),Star Wars:The Last Jedi(2017)
Avengers:Endgame(2019),Avengers:Infinity War(2018),Marvel's The Avengers(2012),Spider-Man:Into the Spider-Verse(2018)
Avengers:Endgame(2019),Avengers:Infinity War(2018),Marvel's The Avengers(2012),Black Panther(2018),Spider-Man:Into the Spider-Verse(2018)
Avengers:Endgame(2019),Avengers:Infinity War(2018),Marvel's The Avengers(2012),Black Panther(2018),Spider-Man:Into the Spider-Verse(2018),Star Wars:The Last Jedi(2017)
Avengers:Endgame(2019),Avengers:Infinity War(2018),Marvel's The Avengers(2012),Spider-Man:Into the Spider-Verse(2018),Mad Max : Fury Road(2015)
Avengers:Endgame(2019),Avengers:Infinity War(2018),Marvel's The Avengers(2012),Black Panther(2018),Spider-Man:Into the Spider-Verse(2018)
Avengers:Endgame(2019),Avengers:Infinity War(2018),Marvel's The Avengers(2012),Black Panther(2018),Spider-Man:Into the Spider-Verse(2018),Mission:Impossible-Fallout(2018),Star Wars:The Last Jedi(2017)
Mission:Impossible-Fallout(2018),Mad Max : Fury Road(2015),Star Wars:The Last Jedi(2017)
Mission:Impossible-Fallout(2018),Dunkirk(2017),Mad Max : Fury Road(2015),Star Wars:The Last Jedi(2017)
Avengers:Endgame(2019),Avengers:Infinity War(2018),Marvel's The Avengers(2012)
Avengers:Endgame(2019),Avengers:Infinity War(2018),Marvel's The Avengers(2012),Star Wars:The Last Jedi(2017)
Avengers:Endgame(2019),Avengers:Infinity War(2018),Marvel's The Avengers(2012)
Avengers:Endgame(2019),Avengers:Infinity War(2018),Marvel's The Avengers(2012)
Avengers:Endgame(2019),Avengers:Infinity War(2018),Marvel's The Avengers(2012)
Avengers:Endgame(2019),Avengers:Infinity War(2018),Marvel's The Avengers(2012),Star Wars:The Last Jedi(2017)
Avengers:Endgame(2019),Avengers:Infinity War(2018),Marvel's The Avengers(2012)
Avengers:Endgame(2019),Avengers:Infinity War(2018),Marvel's The Avengers(2012),Star Wars:The Last Jedi(2017)
Avengers:Endgame(2019),Avengers:Infinity War(2018),Marvel's The Avengers(2012)
Avengers:Endgame(2019),Avengers:Infinity War(2018),Marvel's The Avengers(2012)
Avengers:Endgame(2019),Avengers:Infinity War(2018),Marvel's The Avengers(2012),Star Wars:The Last Jedi(2017)
Avengers:Endgame(2019),Avengers:Infinity War(2018),Marvel's The Avengers(2012)
Avengers:Endgame(2019),Avengers:Infinity War(2018),Marvel's The Avengers(2012)
Avengers:Endgame(2019),Avengers:Infinity War(2018),Marvel's The Avengers(2012),Star Wars:The Last Jedi(2017)
Star Wars:Episode VII -The Force Awakens(2015),Star Wars:The Last Jedi(2017)
Star Wars:Episode VII -The Force Awakens(2015),Star Wars:The Last Jedi(2017)
Star Wars:Episode VII -The Force Awakens(2015),Star Wars:The Last Jedi(2017)
Star Wars:Episode VII -The Force Awakens(2015),Star Wars:The Last Jedi(2017)
Star Wars:Episode VII -The Force Awakens(2015),Star Wars:The Last Jedi(2017)
Star Wars:Episode VII -The Force Awakens(2015),Star Wars:The Last Jedi(2017)
Star Wars:Episode VII -The Force Awakens(2015),Star Wars:The Last Jedi(2017)
Star Wars:Episode VII -The Force Awakens(2015),Star Wars:The Last Jedi(2017)
Star Wars:Episode VII -The Force Awakens(2015),Star Wars:The Last Jedi(2017)
Star Wars:Episode VII -The Force Awakens(2015),Star Wars:The Last Jedi(2017)
Star Wars:Episode VII -The Force Awakens(2015),Star Wars:The Last Jedi(2017)
Star Wars:Episode VII -The Force Awakens(2015),Star Wars:The Last Jedi(2017)
Star Wars:Episode VII -The Force Awakens(2015),Star Wars:The Last Jedi(2017)
Star Wars:Episode VII -The Force Awakens(2015),Star Wars:The Last Jedi(2017)
Star Wars:Episode VII -The Force Awakens(2015),Star Wars:The Last Jedi(2017)
Star Wars:Episode VII -The Force Awakens(2015),Star Wars:The Last Jedi(2017)
Star Wars:Episode VII -The Force Awakens(2015),Star Wars:The Last Jedi(2017)
Star Wars:Episode VII -The Force Awakens(2015),Star Wars:The Last Jedi(2017)
Star Wars:Episode VII -The Force Awakens(2015),Star Wars:The Last Jedi(2017)
Star Wars:Episode VII -The Force Awakens(2015),Star Wars:The Last Jedi(2017)
Star Wars:Episode VII -The Force Awakens(2015),Star Wars:The Last Jedi(2017)
Star Wars:Episode VII -The Force Awakens(2015),Star Wars:The Last Jedi(2017)
Star Wars:Episode VII -The Force Awakens(2015),Star Wars:The Last Jedi(2017)
Star Wars:Episode VII -The Force Awakens(2015),Star Wars:The Last Jedi(2017)