Toy Story 4(2019),Pokemon:Detective Pikachu(2019),Jumanji :The Next Level(2019),Bad Boys For Life(2020),Bad Boys 2
Toy Story 4(2019),Pokemon:Detective Pikachu(2019),Jumanji :The Next Level(2019),Bad Boys For Life(2020),Bad Boys 2
Toy Story 4(2019),Pokemon:Detective Pikachu(2019),Jumanji :The Next Level(2019),Bad Boys For Life(2020),Bad Boys 2
Toy Story 4(2019),Pokemon:Detective Pikachu(2019),Jumanji :The Next Level(2019),Bad Boys For Life(2020),Bad Boys 2
Toy Story 4(2019),Pokemon:Detective Pikachu(2019),Jumanji :The Next Level(2019),Bad Boys For Life(2020),Bad Boys 2
Toy Story 4(2019),Pokemon:Detective Pikachu(2019),Jumanji :The Next Level(2019),Bad Boys For Life(2020),Bad Boys 2
Toy Story 4(2019),Pokemon:Detective Pikachu(2019),Jumanji :The Next Level(2019)
Toy Story 4(2019),Pokemon:Detective Pikachu(2019),Jumanji :The Next Level(2019)
Toy Story 4(2019),Pokemon:Detective Pikachu(2019),Jumanji :The Next Level(2019)
Toy Story 4(2019),Pokemon:Detective Pikachu(2019),Jumanji :The Next Level(2019)
Toy Story 4(2019),Pokemon:Detective Pikachu(2019),Jumanji :The Next Level(2019)
Toy Story 4(2019),Pokemon:Detective Pikachu(2019),Jumanji :The Next Level(2019)
Toy Story 4(2019),Pokemon:Detective Pikachu(2019),Jumanji :The Next Level(2019)
Toy Story 4(2019),Pokemon:Detective Pikachu(2019),Jumanji :The Next Level(2019)
Toy Story 4(2019),Pokemon:Detective Pikachu(2019),Jumanji :The Next Level(2019)
Toy Story 4(2019),Pokemon:Detective Pikachu(2019),Jumanji :The Next Level(2019)
Toy Story 4(2019),Pokemon:Detective Pikachu(2019),Jumanji :The Next Level(2019)
Toy Story 4(2019),Pokemon:Detective Pikachu(2019),Jumanji :The Next Level(2019)
Toy Story 4(2019),Pokemon:Detective Pikachu(2019),Jumanji :The Next Level(2019)
Toy Story 4(2019),Pokemon:Detective Pikachu(2019),Jumanji :The Next Level(2019)
Toy Story 4(2019),Pokemon:Detective Pikachu(2019),Jumanji :The Next Level(2019)
Toy Story 4(2019),Pokemon:Detective Pikachu(2019),Jumanji :The Next Level(2019),Bad Boys For Life(2020),Bad Boys 2
Toy Story 4(2019),Pokemon:Detective Pikachu(2019),Jumanji :The Next Level(2019)
Toy Story 4(2019),Pokemon:Detective Pikachu(2019),Jumanji :The Next Level(2019)
Toy Story 4(2019),Pokemon:Detective Pikachu(2019),Jumanji :The Next Level(2019),Bad Boys For Life(2020),Bad Boys 2
Toy Story 4(2019),Pokemon:Detective Pikachu(2019),Jumanji :The Next Level(2019),Bad Boys For Life(2020),Bad Boys 2
Toy Story 4(2019),Pokemon:Detective Pikachu(2019),Bad Boys For Life(2020),Bad Boys 2
Toy Story 4(2019),Pokemon:Detective Pikachu(2019)
Toy Story 4(2019),Pokemon:Detective Pikachu(2019)
Toy Story 4(2019),Pokemon:Detective Pikachu(2019),Bad Boys For Life(2020),Bad Boys 2
Toy Story 4(2019),Pokemon:Detective Pikachu(2019)
Toy Story 4(2019),Pokemon:Detective Pikachu(2019)
Toy Story 4(2019),Pokemon:Detective Pikachu(2019),Bad Boys For Life(2020),Bad Boys 2
Toy Story 4(2019),Pokemon:Detective Pikachu(2019)
Jumanji :The Next Level(2019)
Jumanji :The Next Level(2019)
Jumanji :The Next Level(2019)
Jumanji :The Next Level(2019),Bad Boys For Life(2020),Bad Boys 2
Jumanji :The Next Level(2019),Bad Boys For Life(2020),Bad Boys 2
Jumanji :The Next Level(2019)
Jumanji :The Next Level(2019)
Jumanji :The Next Level(2019)
Jumanji :The Next Level(2019),BlacKkKlansmen(2018)
Jumanji :The Next Level(2019),BlacKkKlansmen(2018)
Jumanji :The Next Level(2019),BlacKkKlansmen(2018),Bad Boys For Life(2020),Bad Boys 2
Jumanji :The Next Level(2019),BlacKkKlansmen(2018)
Jumanji :The Next Level(2019),BlacKkKlansmen(2018),Bad Boys For Life(2020),Bad Boys 2
Jumanji :The Next Level(2019),BlacKkKlansmen(2018)
Bad Boys For Life(2020),Bad Boys 2
Bad Boys For Life(2020),Bad Boys 2
Bad Boys For Life(2020),Bad Boys 2
Bad Boys For Life(2020),Bad Boys 2
Bad Boys For Life(2020),Bad Boys 2
Bad Boys For Life(2020),Bad Boys 2
Bad Boys For Life(2020),Bad Boys 2
Bad Boys For Life(2020),Bad Boys 2
Bad Boys For Life(2020),Bad Boys 2
Bad Boys For Life(2020),Bad Boys 2
Bad Boys For Life(2020),Bad Boys 2
Bad Boys For Life(2020),Bad Boys 2
Bad Boys For Life(2020),Bad Boys 2
Men in Black,Men in Black II
Men in Black,Men in Black II
Men in Black,Men in Black II
Men in Black,Men in Black II
Men in Black,Men in Black II
Men in Black,Men in Black II
Men in Black,Men in Black II
Men in Black,Men in Black II
Men in Black,Men in Black II
Men in Black,Men in Black II
Men in Black,Men in Black II
Men in Black,Men in Black II
Men in Black,Men in Black II
Men in Black,Men in Black II
Men in Black,Men in Black II
Men in Black,Men in Black II
Men in Black,Men in Black II
Men in Black,Men in Black II
Men in Black,Men in Black II
Men in Black,Men in Black II
Men in Black,Men in Black II
Men in Black,Men in Black II
Men in Black,Men in Black II
Men in Black,Men in Black II
Men in Black,Men in Black II,Men in Black III
Men in Black,Men in Black II,Men in Black III
Men in Black,Men in Black II,Men in Black III
Men in Black,Men in Black II,Men in Black III
Men in Black,Men in Black II,Men in Black III
Men in Black,Men in Black II,Men in Black III
Men in Black,Men in Black II,Men in Black III
Men in Black,Men in Black II,Men in Black III
Men in Black,Men in Black II,Men in Black III
Men in Black,Men in Black II,Men in Black III
Men in Black,Men in Black II,Men in Black III
Men in Black,Men in Black II,Men in Black III
Men in Black,Men in Black II,Men in Black III
Men in Black,Men in Black II,Men in Black III
Men in Black,Men in Black II,Men in Black III
Men in Black,Men in Black II,Men in Black III
Men in Black,Men in Black II,Men in Black III
Men in Black,Men in Black II,Men in Black III
Men in Black,Men in Black II,Men in Black III,Men in Black :International
Men in Black,Men in Black II,Men in Black III,Men in Black :International
Men in Black,Men in Black II,Men in Black III,Men in Black :International
Men in Black,Men in Black II,Men in Black III,Men in Black :International
Men in Black,Men in Black II,Men in Black III,Men in Black :International
Men in Black,Men in Black II,Men in Black III,Men in Black :International
Men in Black,Men in Black II,Men in Black III,Men in Black :International
Men in Black,Men in Black II,Men in Black III,Men in Black :International
Men in Black,Men in Black II,Men in Black III,Men in Black :International
Men in Black,Men in Black II,Men in Black III,Men in Black :International
Men in Black,Men in Black II,Men in Black III,Men in Black :International
Men in Black,Men in Black II,Men in Black III,Men in Black :International
Men in Black,Men in Black II,Men in Black III,Men in Black :International
Men in Black,Men in Black II,Men in Black III,Men in Black :International
Men in Black,Men in Black II,Men in Black III,Men in Black :International
Men in Black,Men in Black II,Men in Black III,Men in Black :International
Frozen
Frozen
Frozen
Frozen
Frozen
Frozen
Frozen
Frozen
Frozen
Frozen
Frozen
Frozen
Frozen
Frozen
Frozen
Frozen
Frozen
Frozen
Frozen
Frozen
Frozen
Frozen
Frozen
Frozen
Frozen
Frozen
Frozen
Frozen
Frozen
Frozen
Frozen
Frozen
Frozen
Frozen
Frozen
Frozen
Frozen
Frozen
Frozen
Frozen,Frozen II
Frozen,Frozen II
Frozen,Frozen II
Frozen,Frozen II
Frozen,Frozen II
Frozen,Frozen II
Frozen,Frozen II
Frozen,Frozen II
Frozen,Frozen II
Frozen,Frozen II
Frozen,Frozen II
Frozen,Frozen II
Frozen,Frozen II
Frozen,Frozen II
Frozen,Frozen II
Frozen,Frozen II
Frozen,Frozen II
Frozen,Frozen II
Frozen,Frozen II
Frozen,Frozen II
Frozen,Frozen II
Frozen,Frozen II
Frozen,Frozen II
Frozen,Frozen II
Frozen,Frozen II
Frozen,Frozen II
Frozen,Frozen II
Frozen,Frozen II
Frozen,Frozen II
Frozen,Frozen II
Frozen,Frozen II
Frozen,Frozen II
Frozen,Frozen II
Frozen,Frozen II
Frozen,Frozen II
Frozen,Frozen II
Aladdin(2019),Frozen II,Frozen
Aladdin(2019),Frozen II,Frozen
Aladdin(2019),Frozen II,Frozen
Aladdin(2019),Frozen II,Frozen
Aladdin(2019),Frozen II,Frozen
Aladdin(2019),Frozen II,Frozen
Aladdin(2019),Frozen II,Frozen
Aladdin(2019),Frozen II,Frozen
Aladdin(2019),Frozen II,Frozen
Aladdin(2019),Frozen II,Frozen
Aladdin(2019),Frozen II,Frozen
Aladdin(2019),Frozen II,Frozen
Aladdin(2019),Frozen II,Frozen
Aladdin(2019),Frozen II,Frozen
Aladdin(2019),Frozen II,Frozen
Aladdin(2019),Frozen II,Frozen
Aladdin(2019),Frozen II,Frozen
Aladdin(2019),Frozen II,Frozen
Aladdin(2019),Frozen II,Frozen
Aladdin(2019),Frozen II,Frozen
Aladdin(2019),Frozen II,Frozen
Aladdin(2019),Frozen II,Frozen
Aladdin(2019),Frozen II,Frozen
Aladdin(2019),Frozen II,Frozen
Aladdin(2019),Frozen II,Frozen
Aladdin(2019),Frozen II,Frozen
Aladdin(2019),Frozen II,Frozen
Aladdin(2019),Frozen II,Frozen
Aladdin(2019),Frozen II,Frozen
Aladdin(2019),Frozen II,Frozen
Aladdin(2019),Frozen II,Frozen
Aladdin(2019),Frozen II,Frozen
Aladdin(2019),Frozen II,Frozen
Aladdin(2019),Frozen II,Frozen
Aladdin(2019),Frozen II,Frozen
Aladdin(2019),Frozen II,Frozen

