Conjuring,Annabelle,The Exorcist
Conjuring,Annabelle,The Exorcist
Conjuring,Annabelle,The Exorcist
Conjuring,Annabelle,The Exorcist
Conjuring,Annabelle,The Exorcist
Conjuring,Annabelle,The Exorcist
Conjuring,Annabelle,The Exorcist
Conjuring,Annabelle,The Exorcist
Conjuring,Annabelle,The Exorcist
Conjuring,Annabelle,The Exorcist
Conjuring,Annabelle,The Exorcist
Conjuring,Annabelle,The Exorcist
Conjuring,Annabelle,The Exorcist
Conjuring,Annabelle,The Exorcist
Conjuring,Annabelle,The Exorcist
Conjuring
Conjuring
Conjuring
Conjuring
Conjuring
Conjuring
Conjuring
Conjuring
Conjuring
Conjuring
Conjuring
Conjuring
Conjuring
Conjuring
Conjuring
Conjuring
Conjuring
Conjuring
Conjuring
Conjuring
Conjuring
Conjuring
Conjuring
Conjuring
Conjuring
Conjuring,Annabelle
Conjuring,Annabelle
Conjuring,Annabelle
Conjuring,Annabelle
Conjuring,Annabelle
Conjuring,Annabelle
Conjuring,Annabelle
Conjuring,Annabelle
Conjuring,Annabelle
Conjuring,Annabelle
Conjuring,Annabelle
Conjuring,Annabelle
Conjuring,Annabelle
Conjuring,Annabelle
Conjuring,Annabelle
Conjuring,Annabelle
Conjuring,Annabelle
Conjuring,Annabelle
Conjuring,Annabelle
Conjuring,Annabelle
Conjuring,Annabelle
Conjuring,Annabelle
Conjuring,Annabelle
Conjuring,Annabelle,The Exorcist
Get Out
Get Out
Get Out
Get Out
Get Out
Get Out
Get Out
Get Out
Get Out
Get Out
Get Out
Get Out
Get Out
Get Out
Get Out
Get Out
Get Out
Get Out
Get Out
Get Out
Get Out
Get Out
Get Out
Get Out
Get Out
Get Out
Get Out
Get Out
Get Out
Get Out
Get Out
Get Out
Get Out
Get Out
Get Out
Get Out
Get Out
Get Out
Get Out
Get Out
Get Out
Get Out
Get Out
Get Out
Get Out
Get Out
Get Out
Get Out
Get Out
Get Out
Get Out
Get Out
Get Out
Get Out
Get Out
Get Out
Get Out
Get Out
Get Out
Get Out
Get Out
Get Out
Get Out,The Cabin In The Woods
Get Out,The Cabin In The Woods
Conjuring,Annabelle,The Exorcist
Conjuring,Annabelle,The Exorcist
Conjuring,Annabelle,The Exorcist
Conjuring,Annabelle,The Exorcist
Conjuring,Annabelle,The Exorcist
Conjuring,Annabelle,The Exorcist
Conjuring,Annabelle,The Exorcist
Conjuring,Annabelle,The Exorcist
Conjuring,Annabelle,The Exorcist
Conjuring,Annabelle,The Exorcist
Conjuring,Annabelle,The Exorcist
Conjuring,Annabelle,The Exorcist
Conjuring,Annabelle,The Exorcist
Conjuring,Annabelle,The Exorcist
Conjuring,Annabelle,The Exorcist
Conjuring,Annabelle,The Exorcist
Conjuring,Annabelle,The Exorcist
Conjuring,Annabelle,The Exorcist
Conjuring,Annabelle,The Exorcist
Conjuring,Annabelle,The Exorcist
Conjuring,Annabelle,The Exorcist
Conjuring,Annabelle,The Exorcist
Conjuring,Annabelle,The Exorcist
Conjuring,Annabelle,The Exorcist
Conjuring,Annabelle,The Exorcist
Get Out,The Cabin In The Woods
Get Out,The Cabin In The Woods
Get Out,The Cabin In The Woods
Get Out,The Cabin In The Woods
Get Out,The Cabin In The Woods
Get Out,The Cabin In The Woods
Get Out,The Cabin In The Woods
Get Out,The Cabin In The Woods
Get Out,The Cabin In The Woods
Get Out,The Cabin In The Woods
Get Out,The Cabin In The Woods
Get Out,The Cabin In The Woods
Get Out,The Cabin In The Woods
Get Out,The Cabin In The Woods
Get Out,The Cabin In The Woods
Get Out,The Cabin In The Woods
Get Out,The Cabin In The Woods
Get Out,The Cabin In The Woods
